<?xml version="1.0" encoding="UTF-8"?>
<project-private xmlns="http://www.netbeans.org/ns/project-private/1">
    <editor-bookmarks xmlns="http://www.netbeans.org/ns/editor-bookmarks/2" lastBookmarkId="0"/>
    <open-files xmlns="http://www.netbeans.org/ns/projectui-open-files/2">
        <group>
            <file>file:/C:/Users/Admin/Documents/SOFT252_Assignment/test/commands/AddRemoveAllocationRecordIT.java</file>
            <file>file:/C:/Users/Admin/Documents/SOFT252_Assignment/test/commands/AddDamageRecordIT.java</file>
            <file>file:/C:/Users/Admin/Documents/SOFT252_Assignment/test/commands/AddEditRemoveStaffIT.java</file>
            <file>file:/C:/Users/Admin/Documents/SOFT252_Assignment/test/commands/AddEditRemoveServiceIT.java</file>
            <file>file:/C:/Users/Admin/Documents/SOFT252_Assignment/test/commands/AddRemoveVehicleIT.java</file>
            <file>file:/C:/Users/Admin/Documents/SOFT252_Assignment/test/JUnitTests.java</file>
            <file>file:/C:/Users/Admin/Documents/SOFT252_Assignment/src/commands/vehicleManagement/EditService.java</file>
        </group>
    </open-files>
</project-private>
